{
  "hash": "17c37b49",
  "configHash": "3a484ea8",
  "lockfileHash": "69c533d4",
  "browserHash": "0c1d9fc3",
  "optimized": {
    "@angular/common": {
      "src": "../../../../../../node_modules/@angular/common/fesm2022/common.mjs",
      "file": "@angular_common.js",
      "fileHash": "89952549",
      "needsInterop": false
    },
    "@angular/common/http": {
      "src": "../../../../../../node_modules/@angular/common/fesm2022/http.mjs",
      "file": "@angular_common_http.js",
      "fileHash": "2f1d884c",
      "needsInterop": false
    },
    "@angular/core": {
      "src": "../../../../../../node_modules/@angular/core/fesm2022/core.mjs",
      "file": "@angular_core.js",
      "fileHash": "2cdbd37b",
      "needsInterop": false
    },
    "@angular/forms": {
      "src": "../../../../../../node_modules/@angular/forms/fesm2022/forms.mjs",
      "file": "@angular_forms.js",
      "fileHash": "34f02767",
      "needsInterop": false
    },
    "@angular/platform-browser": {
      "src": "../../../../../../node_modules/@angular/platform-browser/fesm2022/platform-browser.mjs",
      "file": "@angular_platform-browser.js",
      "fileHash": "04e66371",
      "needsInterop": false
    },
    "@angular/router": {
      "src": "../../../../../../node_modules/@angular/router/fesm2022/router.mjs",
      "file": "@angular_router.js",
      "fileHash": "d9f280ad",
      "needsInterop": false
    }
  },
  "chunks": {
    "chunk-VPXJGRUF": {
      "file": "chunk-VPXJGRUF.js"
    },
    "chunk-AIRIEBLI": {
      "file": "chunk-AIRIEBLI.js"
    },
    "chunk-ENLQZX55": {
      "file": "chunk-ENLQZX55.js"
    },
    "chunk-VV3Y44W4": {
      "file": "chunk-VV3Y44W4.js"
    },
    "chunk-MHVRFEGU": {
      "file": "chunk-MHVRFEGU.js"
    }
  }
}