{
  "hash": "89304c1a",
  "configHash": "88f4df81",
  "lockfileHash": "a5673cb1",
  "browserHash": "0318f042",
  "optimized": {
    "@angular/common": {
      "src": "../../../../../../node_modules/@angular/common/fesm2022/common.mjs",
      "file": "@angular_common.js",
      "fileHash": "17bad0bc",
      "needsInterop": false
    },
    "@angular/core": {
      "src": "../../../../../../node_modules/@angular/core/fesm2022/core.mjs",
      "file": "@angular_core.js",
      "fileHash": "9d6f71a9",
      "needsInterop": false
    },
    "@angular/platform-browser": {
      "src": "../../../../../../node_modules/@angular/platform-browser/fesm2022/platform-browser.mjs",
      "file": "@angular_platform-browser.js",
      "fileHash": "e2673b48",
      "needsInterop": false
    },
    "@angular/router": {
      "src": "../../../../../../node_modules/@angular/router/fesm2022/router.mjs",
      "file": "@angular_router.js",
      "fileHash": "d35bb759",
      "needsInterop": false
    },
    "@angular/common/http": {
      "src": "../../../../../../node_modules/@angular/common/fesm2022/http.mjs",
      "file": "@angular_common_http.js",
      "fileHash": "c67b028e",
      "needsInterop": false
    },
    "@angular/forms": {
      "src": "../../../../../../node_modules/@angular/forms/fesm2022/forms.mjs",
      "file": "@angular_forms.js",
      "fileHash": "3ff8b5c5",
      "needsInterop": false
    }
  },
  "chunks": {
    "chunk-ITZNPC2Y": {
      "file": "chunk-ITZNPC2Y.js"
    },
    "chunk-ENLQZX55": {
      "file": "chunk-ENLQZX55.js"
    },
    "chunk-AIRIEBLI": {
      "file": "chunk-AIRIEBLI.js"
    },
    "chunk-VV3Y44W4": {
      "file": "chunk-VV3Y44W4.js"
    },
    "chunk-MHVRFEGU": {
      "file": "chunk-MHVRFEGU.js"
    }
  }
}